"id","country","name","sex","president","start_president","end_president","ministry","undersec","start_undersec","end_undersec","party"
1,"Chile","Belisario Velasco Baraona","man","Patricio Aylwin",1990-03-11,1994-03-11,"Interior","Interior",1990-03-09,1994-03-11,"PDC"
2,"Chile","Andrés Couve Rioseco","man","Patricio Aylwin",1990-03-11,1994-03-11,"Economía, Fomento y Reconstrucción","Pesca",1990-03-11,1994-03-11,"PDC"
3,"Chile","Edgardo Riveros Marín","man","Patricio Aylwin",1990-03-11,1994-03-11,"SEGEGOB","SEGEGOB",1990-03-11,1994-03-11,"PDC"
4,"Chile","Edmundo Vargas Carreño","man","Patricio Aylwin",1990-03-11,1994-03-11,"Relaciones Exteriores","Relaciones Exteriores",1990-03-11,1993-05-22,"PDC"
5,"Chile","Eduardo Loyola Osorio","man","Patricio Aylwin",1990-03-11,1994-03-11,"Trabajo y Previsión Social","Trabajo",1990-03-11,1994-03-11,"PS"
6,"Chile","Gonzalo Martner Fanta","man","Patricio Aylwin",1990-03-11,1994-03-11,"Interior","SUBDERE",1990-03-11,1994-03-11,"PS"
7,"Chile","Iván Valenzuela Rabi","man","Patricio Aylwin",1990-03-11,1994-03-11,"Minería","Minería",1990-03-11,1994-03-11,"PS"
8,"Chile","Joan Mac Donald Maier","woman","Patricio Aylwin",1990-03-11,1994-03-11,"Vivienda y Urbanismo","Vivienda",1990-03-11,1994-03-11,"PDC"
9,"Chile","Jorge Kindermann Fernández","man","Patricio Aylwin",1990-03-11,1994-03-11,"Defensa Nacional","Carabineros",1990-03-11,1994-03-11,"PDC"
10,"Chile","Jorge Marshall Rivera","man","Patricio Aylwin",1990-03-11,1994-03-11,"Economía, Fomento y Reconstrucción","Economía",1990-03-11,1992-09-28,"PPD"
11,"Chile","Jorge Pantoja Bornand","man","Patricio Aylwin",1990-03-11,1994-03-11,"Defensa Nacional","Investigaciones",1990-03-11,1994-03-11,"PDC"
12,"Chile","Juan Enrique Miquel Muñoz","man","Patricio Aylwin",1990-03-11,1994-03-11,"Obras Públicas","Obras Públicas",1990-03-11,1994-03-11,"NP"
13,"Chile","María Pía Figueroa Edwards","woman","Patricio Aylwin",1990-03-11,1994-03-11,"Bienes Nacionales","Bienes Nacionales",1990-03-11,1993-04-12,"PH"
14,"Chile","Martín Manterola Urzúa","man","Patricio Aylwin",1990-03-11,1994-03-11,"Trabajo y Previsión Social","Previsión Social",1990-03-11,1992-07-23,"NP"
15,"Chile","Martita Wörner Tapia","woman","Patricio Aylwin",1990-03-11,1994-03-11,"Justicia","Justicia",1990-03-11,1993-07-01,"PPD"
16,"Chile","Maximiliano Cox Balmaceda","man","Patricio Aylwin",1990-03-11,1994-03-11,"Agricultura","Agricultura",1990-03-11,1994-03-11,"PDC"
17,"Chile","Pablo Piñera Echenique","man","Patricio Aylwin",1990-03-11,1994-03-11,"Hacienda","Hacienda",1990-03-11,1991-12-02,"PDC"
18,"Chile","Patricio Silva Rojas","man","Patricio Aylwin",1990-03-11,1994-03-11,"Salud","Salud",1990-03-11,1994-03-11,"NP"
19,"Chile","Raúl Allard Neumann","man","Patricio Aylwin",1990-03-11,1994-03-11,"Educación","Educación",1990-03-11,1993-05-24,"PDC"
20,"Chile","Ricardo Solari Saavedra","man","Patricio Aylwin",1990-03-11,1994-03-11,"SEGPRES","SEGPRES",1990-03-11,1994-03-11,"PS"
21,"Chile","Roberto Pliscoff Vásquez","man","Patricio Aylwin",1990-03-11,1994-03-11,"Transportes y Telecomunicaciones","Telecomunicaciones",1990-03-11,1994-03-11,"PR"
22,"Chile","Sergio González Tagle","man","Patricio Aylwin",1990-03-11,1994-03-11,"Transportes y Telecomunicaciones","Transportes",1990-03-11,1994-03-11,"NP"
23,"Chile","Tomás Puig Casanova","man","Patricio Aylwin",1990-03-11,1994-03-11,"Defensa Nacional","Marina",1990-03-11,1994-03-11,"NP"
24,"Chile","Marcos Sánchez Edwards","man","Patricio Aylwin",1990-03-11,1994-03-11,"Defensa Nacional","Guerra",1990-03-20,1993-07-01,"PDC"
25,"Chile","Mario Fernández Baeza","man","Patricio Aylwin",1990-03-11,1994-03-11,"Defensa Nacional","Aviación",1990-03-20,1993-03-31,"PDC"
26,"Chile","Álvaro García Hurtado","man","Patricio Aylwin",1990-03-11,1994-03-11,"Planificación","Planificación y Cooperación",1990-07-19,1993-07-01,"PPD"
27,"Chile","María Teresa Chadwick Piñera","woman","Patricio Aylwin",1990-03-11,1994-03-11,"SERNAM","SERNAM",1991-01-03,1994-03-11,"PS"
28,"Chile","Jorge Rodríguez Grossi","man","Patricio Aylwin",1990-03-11,1994-03-11,"Hacienda","Hacienda",1991-12-02,1994-02-08,"PDC"
29,"Chile","Luis Orlandini Molina","man","Patricio Aylwin",1990-03-11,1994-03-11,"Trabajo y Previsión Social","Previsión Social",1992-07-28,1994-03-11,"NP"
30,"Chile","Álvaro Briones Ramírez","man","Patricio Aylwin",1990-03-11,1994-03-11,"Economía, Fomento y Reconstrucción","Economía",1992-09-28,1994-03-11,"PS"
31,"Chile","Jorge Heine Lorenzen","man","Patricio Aylwin",1990-03-11,1994-03-11,"Defensa Nacional","Aviación",1993-04-01,1994-03-11,"PPD"
32,"Chile","Eduardo Jara Miranda","man","Patricio Aylwin",1990-03-11,1994-03-11,"Bienes Nacionales","Bienes Nacionales",1993-04-12,1994-03-11,"PR"
33,"Chile","Rodrigo Díaz Albónico","man","Patricio Aylwin",1990-03-11,1994-03-11,"Relaciones Exteriores","Relaciones Exteriores",1993-05-22,1994-03-11,"NP"
34,"Chile","Julio Valladares Muñoz","man","Patricio Aylwin",1990-03-11,1994-03-11,"Educación","Educación",1993-05-24,1994-03-11,"PDC"
35,"Chile","Carlos Fuensalida Claro","man","Patricio Aylwin",1990-03-11,1994-03-11,"Planificación","Planificación y Cooperación",1993-07-01,1994-03-11,"NP"
36,"Chile","Jorge Burgos Varela","man","Patricio Aylwin",1990-03-11,1994-03-11,"Defensa Nacional","Guerra",1993-07-01,1994-03-11,"PDC"
37,"Chile","Marcos Sánchez Edwards","man","Patricio Aylwin",1990-03-11,1994-03-11,"Justicia","Justicia",1993-07-01,1994-03-11,"PDC"
38,"Chile","José Pablo Arellano Marín","man","Patricio Aylwin",1990-03-11,1994-03-11,"Hacienda","Hacienda",1994-02-08,1994-03-11,"PDC"
39,"Chile","Alejandro Gutiérrez Arteaga","man","Eduardo Frei",1994-03-11,2000-03-11,"Agricultura","Agricultura",1994-03-11,1996-12-23,"NP"
40,"Chile","Ángel Flisfisch Fernández","man","Eduardo Frei",1994-03-11,2000-03-11,"SEGPRES","SEGPRES",1994-03-11,1995-06-01,"NP"
41,"Chile","Belisario Velasco Baraona","man","Eduardo Frei",1994-03-11,2000-03-11,"Interior","Interior",1994-03-11,1999-03-01,"PDC"
42,"Chile","Carlos Mena Keymer","man","Eduardo Frei",1994-03-11,2000-03-11,"Defensa Nacional","Marina",1994-03-11,1995-04-07,"PDC"
43,"Chile","Carlos Mladinic Alonso","man","Eduardo Frei",1994-03-11,2000-03-11,"Economía, Fomento y Reconstrucción","Economía",1994-03-11,1995-04-19,"PDC"
44,"Chile","Claudio Hohmann Barrientos","man","Eduardo Frei",1994-03-11,2000-03-11,"Transportes y Telecomunicaciones","Transportes",1994-03-11,1996-09-28,"PDC"
45,"Chile","Edgardo Riveros Marín","man","Eduardo Frei",1994-03-11,2000-03-11,"SEGEGOB","SEGEGOB",1994-03-11,1997-07-01,"PDC"
46,"Chile","Eduardo Jara Miranda","man","Eduardo Frei",1994-03-11,2000-03-11,"Justicia","Justicia",1994-03-11,1996-04-15,"PRSD"
47,"Chile","Fernando Muñoz Porras","man","Eduardo Frei",1994-03-11,2000-03-11,"Salud","Salud",1994-03-11,1998-07-14,"PS"
48,"Chile","Germán Quintana Peña","man","Eduardo Frei",1994-03-11,2000-03-11,"Obras Públicas","Obras Públicas",1994-03-11,1996-08-07,"PDC"
49,"Chile","Gonzalo Undurraga Mackenna","man","Eduardo Frei",1994-03-11,2000-03-11,"Educación","Educación",1994-03-11,1994-09-20,"PDC"
50,"Chile","Guillermo Pérez Vega","man","Eduardo Frei",1994-03-11,2000-03-11,"Trabajo y Previsión Social","Trabajo",1994-03-11,1996-10-22,"NP"
51,"Chile","Jorge Burgos Varela","man","Eduardo Frei",1994-03-11,2000-03-11,"Defensa Nacional","Guerra",1994-03-11,1996-12-02,"PDC"
52,"Chile","Jorge Pantoja Bornand","man","Eduardo Frei",1994-03-11,2000-03-11,"Defensa Nacional","Investigaciones",1994-03-11,2000-03-11,"PDC"
53,"Chile","Jorge Rodríguez Grossi","man","Eduardo Frei",1994-03-11,2000-03-11,"Interior","SUBDERE",1994-03-11,1994-09-20,"PDC"
54,"Chile","Jorge Rosenblut Ratinoff","man","Eduardo Frei",1994-03-11,2000-03-11,"Transportes y Telecomunicaciones","Telecomunicaciones",1994-03-11,1995-06-01,"PPD"
55,"Chile","José Manuel Marfán Lewis","man","Eduardo Frei",1994-03-11,2000-03-11,"Hacienda","Hacienda",1994-03-11,1999-12-03,"PS"
56,"Chile","José Miguel Insulza","man","Eduardo Frei",1994-03-11,2000-03-11,"Relaciones Exteriores","Relaciones Exteriores",1994-03-11,1994-09-20,"PS"
57,"Chile","Luciano Fouillioux Fernández","man","Eduardo Frei",1994-03-11,2000-03-11,"Defensa Nacional","Carabineros",1994-03-11,2000-03-11,"PDC"
58,"Chile","Mario Fernández Baeza","man","Eduardo Frei",1994-03-11,2000-03-11,"Defensa Nacional","Aviación",1994-03-11,1995-11-13,"PDC"
59,"Chile","Patricio Bernal Ponce","man","Eduardo Frei",1994-03-11,2000-03-11,"Economía, Fomento y Reconstrucción","Pesca",1994-03-11,1996-08-28,"PS"
60,"Chile","Patricio Tombolini Véliz","man","Eduardo Frei",1994-03-11,2000-03-11,"Trabajo y Previsión Social","Previsión Social",1994-03-11,2000-03-11,"PRSD"
61,"Chile","Paulina Veloso Valenzuela","woman","Eduardo Frei",1994-03-11,2000-03-11,"SERNAM","SERNAM",1994-03-11,1997-03-01,"PS"
62,"Chile","Pedro Goic Karmelic","man","Eduardo Frei",1994-03-11,2000-03-11,"Planificación","Planificación y Cooperación",1994-03-11,1997-01-01,"PDC"
63,"Chile","Sergio Galilea Ocón","man","Eduardo Frei",1994-03-11,2000-03-11,"Vivienda y Urbanismo","Vivienda",1994-03-11,1996-11-18,"PPD"
64,"Chile","Sergio Hernández Núñez","man","Eduardo Frei",1994-03-11,2000-03-11,"Minería","Minería",1994-03-11,1997-08-18,"PDC"
65,"Chile","Sergio Vergara Larraín","man","Eduardo Frei",1994-03-11,2000-03-11,"Bienes Nacionales","Bienes Nacionales",1994-03-11,1999-08-02,"NP"
66,"Chile","Jaime Pérez de Arce Araya","man","Eduardo Frei",1994-03-11,2000-03-11,"Educación","Educación",1994-09-20,2000-03-11,"PS"
67,"Chile","Marcelo Schilling Rodríguez","man","Eduardo Frei",1994-03-11,2000-03-11,"Interior","SUBDERE",1994-09-20,2000-03-11,"PS"
68,"Chile","Mariano Fernández Amunátegui","man","Eduardo Frei",1994-03-11,2000-03-11,"Relaciones Exteriores","Relaciones Exteriores",1994-11-01,2000-03-11,"PDC"
69,"Chile","Pedro Cabrera Gaete","man","Eduardo Frei",1994-03-11,2000-03-11,"Defensa Nacional","Marina",1995-04-10,1999-07-31,"NP"
70,"Chile","Ángel Maulén Ríos","man","Eduardo Frei",1994-03-11,2000-03-11,"Economía, Fomento y Reconstrucción","Economía",1995-04-19,1996-08-28,"PDC"
71,"Chile","Gregorio San Martín Ricci","man","Eduardo Frei",1994-03-11,2000-03-11,"Transportes y Telecomunicaciones","Telecomunicaciones",1995-06-01,1997-08-07,"NP"
72,"Chile","Jorge Rosenblut Ratinoff","man","Eduardo Frei",1994-03-11,2000-03-11,"SEGPRES","SEGPRES",1995-06-01,1996-11-11,"PPD"
73,"Chile","Ángel Flisfisch Fernández","man","Eduardo Frei",1994-03-11,2000-03-11,"Defensa Nacional","Aviación",1995-11-13,2000-03-11,"NP"
74,"Chile","José Antonio Gómez Urrutia","man","Eduardo Frei",1994-03-11,2000-03-11,"Justicia","Justicia",1996-04-15,1999-12-16,"PRSD"
75,"Chile","Guillermo Pickering de la Fuen","man","Eduardo Frei",1994-03-11,2000-03-11,"Obras Públicas","Obras Públicas",1996-08-07,1999-01-21,"PDC"
76,"Chile","Juan Manuel Cruz Sánchez","man","Eduardo Frei",1994-03-11,2000-03-11,"Economía, Fomento y Reconstrucción","Pesca",1996-08-28,2000-03-11,"PDC"
77,"Chile","Óscar Landerretche Gacitúa","man","Eduardo Frei",1994-03-11,2000-03-11,"Economía, Fomento y Reconstrucción","Economía",1996-08-28,1998-11-30,"PS"
78,"Chile","José Andrés Wallis Garcés","man","Eduardo Frei",1994-03-11,2000-03-11,"Transportes y Telecomunicaciones","Transportes",1996-10-15,2000-03-11,"NP"
79,"Chile","Julio Valladares Muñoz","man","Eduardo Frei",1994-03-11,2000-03-11,"Trabajo y Previsión Social","Trabajo",1996-10-22,2000-03-11,"PDC"
80,"Chile","José Manuel Cortínez Castillo","man","Eduardo Frei",1994-03-11,2000-03-11,"Vivienda y Urbanismo","Vivienda",1996-11-18,1997-09-02,"NP"
81,"Chile","Sergio Galilea Ocón","man","Eduardo Frei",1994-03-11,2000-03-11,"SEGPRES","SEGPRES",1996-11-18,1999-08-13,"PPD"
82,"Chile","Mario Fernández Baeza","man","Eduardo Frei",1994-03-11,2000-03-11,"Defensa Nacional","Guerra",1996-12-02,1999-04-09,"PDC"
83,"Chile","Jean Jacques Duhart Saurel","man","Eduardo Frei",1994-03-11,2000-03-11,"Agricultura","Agricultura",1996-12-23,2000-03-11,"PPD"
84,"Chile","Antonio Lara Bravo","man","Eduardo Frei",1994-03-11,2000-03-11,"Planificación","Planificación y Cooperación",1997-01-01,2000-03-11,"PDC"
85,"Chile","Natacha Molina García","woman","Eduardo Frei",1994-03-11,2000-03-11,"SERNAM","SERNAM",1997-03-01,2000-03-11,"NP"
86,"Chile","Claudio Huepe García","man","Eduardo Frei",1994-03-11,2000-03-11,"SEGEGOB","SEGEGOB",1997-07-01,2000-03-11,"PDC"
87,"Chile","César Díaz-Muñoz Cormatches","man","Eduardo Frei",1994-03-11,2000-03-11,"Minería","Minería",1997-08-18,2000-03-11,"NP"
88,"Chile","Juanita Gana Quiroz","woman","Eduardo Frei",1994-03-11,2000-03-11,"Transportes y Telecomunicaciones","Telecomunicaciones",1997-08-18,2000-03-11,"PPD"
89,"Chile","Berta Belmar Ruiz","woman","Eduardo Frei",1994-03-11,2000-03-11,"Vivienda y Urbanismo","Vivienda",1997-09-03,2000-03-11,"PPD"
90,"Chile","Álvaro Erazo Latorre","man","Eduardo Frei",1994-03-11,2000-03-11,"Salud","Salud",1998-07-14,2000-03-11,"PS"
91,"Chile","Juan Carlos Latorre Carmona","man","Eduardo Frei",1994-03-11,2000-03-11,"Obras Públicas","Obras Públicas",1999-01-21,2000-03-11,"PDC"
92,"Chile","Guillermo Pickering de la Fuen","man","Eduardo Frei",1994-03-11,2000-03-11,"Interior","Interior",1999-03-01,2000-03-09,"PDC"
93,"Chile","Carlos Mackenney Urzúa","man","Eduardo Frei",1994-03-11,2000-03-11,"Defensa Nacional","Guerra",1999-05-13,2000-03-11,"PDC"
94,"Chile","Luis Sánchez Castellón","man","Eduardo Frei",1994-03-11,2000-03-11,"Economía, Fomento y Reconstrucción","Economía",1999-05-31,2000-03-11,"PS"
95,"Chile","Renán Fuentealba Vildósola","man","Eduardo Frei",1994-03-11,2000-03-11,"Defensa Nacional","Marina",1999-07-31,2000-03-11,"PDC"
96,"Chile","Carlos Carmona Santander","man","Eduardo Frei",1994-03-11,2000-03-11,"SEGPRES","SEGPRES",1999-08-13,2000-03-11,"PDC"
97,"Chile","María Paulina Saball Astaburua","woman","Eduardo Frei",1994-03-11,2000-03-11,"Bienes Nacionales","Bienes Nacionales",1999-08-13,2000-03-11,"PPD"
98,"Chile","Álvaro Clarke de la Cerda","man","Eduardo Frei",1994-03-11,2000-03-11,"Hacienda","Hacienda",1999-12-03,2000-03-11,"PDC"
99,"Chile","Consuelo Gazmuri Riveros","woman","Eduardo Frei",1994-03-11,2000-03-11,"Justicia","Justicia",1999-12-16,2000-03-11,"NP"
100,"Chile","Jorge Burgos Varela","man","Ricardo Lagos",2000-03-11,2006-03-11,"Interior","Interior",2000-03-09,2001-07-03,"PDC"
101,"Chile","Álvaro Díaz Pérez","man","Ricardo Lagos",2000-03-11,2006-03-11,"Economía, Fomento y Reconstrucción","Economía",2000-03-11,2004-07-01,"PS"
102,"Chile","Ángel Flisfisch Fernández","man","Ricardo Lagos",2000-03-11,2006-03-11,"Defensa Nacional","Marina",2000-03-11,2002-03-13,"PPD"
103,"Chile","Arturo Barrera Miranda","man","Ricardo Lagos",2000-03-11,2006-03-11,"Agricultura","Agricultura",2000-03-11,2006-03-11,"PDC"
104,"Chile","Carolina Tohá Morales","woman","Ricardo Lagos",2000-03-11,2006-03-11,"SEGEGOB","SEGEGOB",2000-03-11,2001-06-01,"PPD"
105,"Chile","Christian Nicolai Orellana","man","Ricardo Lagos",2000-03-11,2006-03-11,"Transportes y Telecomunicaciones","Telecomunicaciones",2000-03-11,2006-03-11,"PDC"
106,"Chile","Daniel Albarrán Ruiz-Clavijo","man","Ricardo Lagos",2000-03-11,2006-03-11,"Economía, Fomento y Reconstrucción","Pesca",2000-03-11,2001-08-29,"NP"
107,"Chile","Eduardo Dockendorff Vallejos","man","Ricardo Lagos",2000-03-11,2006-03-11,"SEGPRES","SEGPRES",2000-03-11,2002-01-14,"PDC"
108,"Chile","Ernesto Behnke Gutiérrez","man","Ricardo Lagos",2000-03-11,2006-03-11,"Salud","Salud",2000-03-11,2002-01-14,"PDC"
109,"Chile","Francisco Vidal Salinas","man","Ricardo Lagos",2000-03-11,2006-03-11,"Interior","SUBDERE",2000-03-11,2003-03-03,"PPD"
110,"Chile","Gabriel Gaspar Tapia","man","Ricardo Lagos",2000-03-11,2006-03-11,"Defensa Nacional","Guerra",2000-03-11,2006-03-11,"PS"
111,"Chile","Gonzalo Miranda Aguirre","man","Ricardo Lagos",2000-03-11,2006-03-11,"Defensa Nacional","Investigaciones",2000-03-11,2005-04-25,"NP"
112,"Chile","Heraldo Muñoz Valenzuela","man","Ricardo Lagos",2000-03-11,2006-03-11,"Relaciones Exteriores","Relaciones Exteriores",2000-03-11,2002-01-07,"PPD"
113,"Chile","Jacqueline Saintard Vera","woman","Ricardo Lagos",2000-03-11,2006-03-11,"Minería","Minería",2000-03-11,2002-07-01,"PDC"
114,"Chile","Jaime Arellano Quintana","man","Ricardo Lagos",2000-03-11,2006-03-11,"Justicia","Justicia",2000-03-11,2006-03-11,"PDC"
115,"Chile","José Weinstein Cayuela","man","Ricardo Lagos",2000-03-11,2006-03-11,"Educación","Educación",2000-03-11,2003-03-12,"PPD"
116,"Chile","Juan Carlos Latorre Carmona","man","Ricardo Lagos",2000-03-11,2006-03-11,"Obras Públicas","Obras Públicas",2000-03-11,2003-06-30,"PDC"
117,"Chile","Kareen Herrera Esparza","woman","Ricardo Lagos",2000-03-11,2006-03-11,"SERNAM","SERNAM",2000-03-11,2002-06-27,"PDC"
118,"Chile","María Eugenia Wagner Brizzi","woman","Ricardo Lagos",2000-03-11,2006-03-11,"Hacienda","Hacienda",2000-03-11,2006-03-11,"PDC"
119,"Chile","María Paulina Saball Astaburua","woman","Ricardo Lagos",2000-03-11,2006-03-11,"Bienes Nacionales","Bienes Nacionales",2000-03-11,2004-02-25,"PPD"
120,"Chile","Marigen Hornkohl Venegas","woman","Ricardo Lagos",2000-03-11,2006-03-11,"Trabajo y Previsión Social","Previsión Social",2000-03-11,2003-03-13,"PDC"
121,"Chile","Nelson Hadad Heresy","man","Ricardo Lagos",2000-03-11,2006-03-11,"Defensa Nacional","Aviación",2000-03-11,2002-09-25,"PDC"
122,"Chile","Patricio Morales Aguirre","man","Ricardo Lagos",2000-03-11,2006-03-11,"Defensa Nacional","Carabineros",2000-03-11,2002-03-13,"PRSD"
123,"Chile","Patricio Tombolini Véliz","man","Ricardo Lagos",2000-03-11,2006-03-11,"Transportes y Telecomunicaciones","Transportes",2000-03-11,2002-07-01,"PRSD"
124,"Chile","Sonia Tschorne Berestesky","woman","Ricardo Lagos",2000-03-11,2006-03-11,"Vivienda y Urbanismo","Vivienda",2000-03-11,2004-10-01,"PS"
125,"Chile","Víctor Vega Fernández","man","Ricardo Lagos",2000-03-11,2006-03-11,"Planificación","Planificación y Cooperación",2000-03-11,2001-08-27,"PS"
126,"Chile","Yerko Ljubetic Godoy","man","Ricardo Lagos",2000-03-11,2006-03-11,"Trabajo y Previsión Social","Trabajo",2000-03-11,2005-04-25,"PDC"
127,"Chile","Arturo Salah Cassani","man","Ricardo Lagos",2000-03-11,2006-03-11,"SEGEGOB","Deportes",2001-03-01,2003-03-06,"NP"
128,"Chile","María Eliana Arntz Bustos","woman","Ricardo Lagos",2000-03-11,2006-03-11,"SEGEGOB","SEGEGOB",2001-06-01,2003-03-06,"PS"
129,"Chile","Jorge Correa Sutil","man","Ricardo Lagos",2000-03-11,2006-03-11,"Interior","Interior",2001-07-03,2006-01-28,"PDC"
130,"Chile","Jaime Andrade Guenchocoy","man","Ricardo Lagos",2000-03-11,2006-03-11,"Planificación","Planificación y Cooperación",2001-08-27,2003-08-18,"PS"
131,"Chile","Felipe Sandoval Precht","man","Ricardo Lagos",2000-03-11,2006-03-11,"Economía, Fomento y Reconstrucción","Pesca",2001-08-29,2006-03-11,"PDC"
132,"Chile","Gonzalo Martner Fanta","man","Ricardo Lagos",2000-03-11,2006-03-11,"SEGPRES","SEGPRES",2002-01-14,2003-02-26,"PS"
133,"Chile","Gonzalo Navarrete Muñoz","man","Ricardo Lagos",2000-03-11,2006-03-11,"Salud","Salud",2002-01-14,2002-10-31,"PPD"
134,"Chile","Cristián Barros Melet","man","Ricardo Lagos",2000-03-11,2006-03-11,"Relaciones Exteriores","Relaciones Exteriores",2002-01-15,2006-03-11,"PPD"
135,"Chile","Felipe Harboe Bascuñán","man","Ricardo Lagos",2000-03-11,2006-03-11,"Defensa Nacional","Carabineros",2002-03-13,2006-01-30,"PPD"
136,"Chile","Patricio Morales Aguirre","man","Ricardo Lagos",2000-03-11,2006-03-11,"Defensa Nacional","Marina",2002-03-13,2002-09-25,"PRSD"
137,"Chile","Lissette García Bustamante","woman","Ricardo Lagos",2000-03-11,2006-03-11,"SERNAM","SERNAM",2002-06-27,2004-07-15,"PDC"
138,"Chile","Guillermo Díaz Silva","man","Ricardo Lagos",2000-03-11,2006-03-11,"Transportes y Telecomunicaciones","Transportes",2002-07-01,2006-03-11,"PDC"
139,"Chile","Isidro Solís Palma","man","Ricardo Lagos",2000-03-11,2006-03-11,"Minería","Minería",2002-07-01,2002-09-25,"PRSD"
140,"Chile","Francisco Huenchumilla Jaramil","man","Ricardo Lagos",2000-03-11,2006-03-11,"Defensa Nacional","Marina",2002-09-25,2003-03-03,"PDC"
141,"Chile","Isidro Solís Palma","man","Ricardo Lagos",2000-03-11,2006-03-11,"Defensa Nacional","Aviación",2002-09-25,2004-10-01,"PRSD"
142,"Chile","Patricio Morales Aguirre","man","Ricardo Lagos",2000-03-11,2006-03-11,"Minería","Minería",2002-09-25,2004-10-01,"PRSD"
143,"Chile","Antonio Infante Barros","man","Ricardo Lagos",2000-03-11,2006-03-11,"Salud","Salud",2002-10-31,2005-03-09,"PPD"
144,"Chile","Adriana Delpiano Puelma","woman","Ricardo Lagos",2000-03-11,2006-03-11,"Interior","SUBDERE",2003-03-03,2006-03-11,"PPD"
145,"Chile","Patricio Santamaría Mutis","man","Ricardo Lagos",2000-03-11,2006-03-11,"SEGEGOB","SEGEGOB",2003-03-06,2005-08-25,"PDC"
146,"Chile","Carlos Mackenney Urzúa","man","Ricardo Lagos",2000-03-11,2006-03-11,"Defensa Nacional","Marina",2003-03-07,2005-10-05,"PDC"
147,"Chile","Rodrigo Egaña Baraona","man","Ricardo Lagos",2000-03-11,2006-03-11,"SEGPRES","SEGPRES",2003-03-10,2006-03-11,"PS"
148,"Chile","Macarena Carvallo Silva","woman","Ricardo Lagos",2000-03-11,2006-03-11,"Trabajo y Previsión Social","Previsión Social",2003-03-13,2005-02-01,"PRSD"
149,"Chile","Marigen Hornkohl Venegas","woman","Ricardo Lagos",2000-03-11,2006-03-11,"Educación","Educación",2003-03-13,2005-04-20,"PDC"
150,"Chile","Ernesto Velasco Rodríguez","man","Ricardo Lagos",2000-03-11,2006-03-11,"SEGEGOB","Deportes",2003-03-17,2005-01-27,"PRSD"
151,"Chile","Clemente Pérez Errázuriz","man","Ricardo Lagos",2000-03-11,2006-03-11,"Obras Públicas","Obras Públicas",2003-07-03,2005-04-25,"PDC"
152,"Chile","Patricio Vilaplana","man","Ricardo Lagos",2000-03-11,2006-03-11,"Consejo Nacional de la Cultura y las Artes","Cultura",2003-08-06,2006-03-11,"PDC"
153,"Chile","Marcelo Carvallo Ceroni","man","Ricardo Lagos",2000-03-11,2006-03-11,"Planificación","Planificación y Cooperación",2003-08-18,2004-10-07,"PS"
154,"Chile","Jacqueline Weinstein Levy","woman","Ricardo Lagos",2000-03-11,2006-03-11,"Bienes Nacionales","Bienes Nacionales",2004-02-25,2006-03-11,"PPD"
155,"Chile","Carlos Álvarez Voullieme","man","Ricardo Lagos",2000-03-11,2006-03-11,"Economía, Fomento y Reconstrucción","Economía",2004-07-01,2006-03-11,"PS"
156,"Chile","Myriam Verdugo Godoy","woman","Ricardo Lagos",2000-03-11,2006-03-11,"SERNAM","SERNAM",2004-09-29,2006-03-11,"PDC"
157,"Chile","Carlos Parra Merino","man","Ricardo Lagos",2000-03-11,2006-03-11,"Defensa Nacional","Aviación",2004-10-01,2006-03-11,"PRSD"
158,"Chile","Mario Cabezas Thomas","man","Ricardo Lagos",2000-03-11,2006-03-11,"Minería","Minería",2004-10-01,2006-03-11,"PRSD"
159,"Chile","Teresa Rey Carrasco","woman","Ricardo Lagos",2000-03-11,2006-03-11,"Vivienda y Urbanismo","Vivienda",2004-10-07,2006-03-11,"PDC"
160,"Chile","Jaime Andrade Guenchocoy","man","Ricardo Lagos",2000-03-11,2006-03-11,"Planificación","Planificación y Cooperación",2004-10-15,2006-03-11,"PS"
161,"Chile","Osvaldo Salgado Zepeda","man","Ricardo Lagos",2000-03-11,2006-03-11,"Salud","Redes Asistenciales",2005-01-01,2006-03-11,"PS"
162,"Chile","Macarena Carvallo Silva","woman","Ricardo Lagos",2000-03-11,2006-03-11,"SEGEGOB","Deportes",2005-02-01,2006-03-11,"PRSD"
163,"Chile","Marisol Aravena Puelma","woman","Ricardo Lagos",2000-03-11,2006-03-11,"Trabajo y Previsión Social","Previsión Social",2005-02-01,2006-03-11,"PRSD"
164,"Chile","Cecilia Villavicencio Rosas","woman","Ricardo Lagos",2000-03-11,2006-03-11,"Salud","Salud Pública",2005-03-14,2006-03-11,"PPD"
165,"Chile","Pedro Montt Leiva","man","Ricardo Lagos",2000-03-11,2006-03-11,"Educación","Educación",2005-04-20,2006-03-11,"PDC"
166,"Chile","Cristóbal Pascal Cheetham","man","Ricardo Lagos",2000-03-11,2006-03-11,"Trabajo y Previsión Social","Trabajo",2005-04-25,2006-03-11,"PS"
167,"Chile","Lincoyán Zepeda Varas","man","Ricardo Lagos",2000-03-11,2006-03-11,"Defensa Nacional","Investigaciones",2005-04-25,2006-03-11,"PS"
168,"Chile","Pablo Piñera Echenique","man","Ricardo Lagos",2000-03-11,2006-03-11,"Obras Públicas","Obras Públicas",2005-04-25,2006-03-11,"PDC"
169,"Chile","Jorge Navarrete Poblete","man","Ricardo Lagos",2000-03-11,2006-03-11,"SEGEGOB","SEGEGOB",2005-08-29,2006-03-11,"PDC"
170,"Chile","Gonzalo García Pino","man","Ricardo Lagos",2000-03-11,2006-03-11,"Defensa Nacional","Marina",2005-10-05,2006-03-11,"PDC"
171,"Chile","Felipe Harboe Bascuñán","man","Michelle Bachelet",2006-03-11,2010-03-11,"Interior","Interior",2006-01-28,2008-12-10,"PPD"
172,"Chile","Neftalí Carabantes Hernández","man","Ricardo Lagos",2000-03-11,2006-03-11,"Defensa Nacional","Carabineros",2006-01-30,2006-03-11,"PRSD"
173,"Chile","Ana María Correa López","woman","Michelle Bachelet",2006-03-11,2010-03-11,"Economía, Fomento y Reconstrucción","Economía",2006-03-11,2008-01-11,"PDC"
174,"Chile","Carlos Hernández Salas","man","Michelle Bachelet",2006-03-11,2010-03-11,"Economía, Fomento y Reconstrucción","Pesca",2006-03-11,2007-07-12,"PS"
175,"Chile","Carlos Maldonado Curti","man","Michelle Bachelet",2006-03-11,2010-03-11,"SEGEGOB","SEGEGOB",2006-03-11,2007-03-27,"PRSD"
176,"Chile","Carmen Andrade Lara","woman","Michelle Bachelet",2006-03-11,2010-03-11,"SERNAM","SERNAM",2006-03-11,2009-09-19,"PS"
177,"Chile","Carolina Echeverría Moya","woman","Michelle Bachelet",2006-03-11,2010-03-11,"Defensa Nacional","Marina",2006-03-11,2010-03-11,"PPD"
178,"Chile","Catalina Depassier Smith","woman","Michelle Bachelet",2006-03-11,2010-03-11,"SEGEGOB","Deportes",2006-03-11,2007-01-23,"PDC"
179,"Chile","Claudia Serrano Madrid","woman","Michelle Bachelet",2006-03-11,2010-03-11,"Interior","SUBDERE",2006-03-11,2008-12-15,"PS"
180,"Chile","Danilo Núñez Izquierdo","man","Michelle Bachelet",2006-03-11,2010-03-11,"Transportes y Telecomunicaciones","Transportes",2006-03-11,2008-01-10,"PS"
181,"Chile","Edgardo Riveros Marín","man","Michelle Bachelet",2006-03-11,2010-03-11,"SEGPRES","SEGPRES",2006-03-11,2010-03-11,"PDC"
182,"Chile","Gonzalo Arenas Valverde","man","Michelle Bachelet",2006-03-11,2010-03-11,"Planificación","Planificación",2006-03-11,2008-01-11,"PDC"
183,"Chile","Gonzalo García Pino","man","Michelle Bachelet",2006-03-11,2010-03-11,"Defensa Nacional","Guerra",2006-03-11,2010-03-11,"PDC"
184,"Chile","Juan Eduardo Saldivia Medina","man","Michelle Bachelet",2006-03-11,2010-03-11,"Obras Públicas","Obras Públicas",2006-03-11,2010-03-11,"PDC"
185,"Chile","Lidia Amarales Osorio","woman","Michelle Bachelet",2006-03-11,2010-03-11,"Salud","Salud Pública",2006-03-11,2008-01-11,"PPD"
186,"Chile","Lissette García Bustamante","woman","Michelle Bachelet",2006-03-11,2010-03-11,"Trabajo y Previsión Social","Previsión Social",2006-03-11,2008-01-11,"PDC"
187,"Chile","Lorraine de Laire Peirano","woman","Michelle Bachelet",2006-03-11,2010-03-11,"Bienes Nacionales","Bienes Nacionales",2006-03-11,2008-01-11,"PRSD"
188,"Chile","Marcelo Ortiz Aravena","man","Michelle Bachelet",2006-03-11,2010-03-11,"Defensa Nacional","Carabineros",2006-03-11,2006-08-28,"PDC"
189,"Chile","María Cecilia Leiva Montenegro","woman","Michelle Bachelet",2006-03-11,2010-03-11,"Agricultura","Agricultura",2006-03-11,2008-01-11,"PPD"
190,"Chile","María del Pilar Romaguera Grac","woman","Michelle Bachelet",2006-03-11,2010-03-11,"Educación","Educación",2006-03-11,2008-01-11,"NP"
191,"Chile","María Eliana Arntz Bustos","woman","Michelle Bachelet",2006-03-11,2010-03-11,"Consejo Nacional de la Cultura y las Artes","Cultura",2006-03-11,2007-08-01,"PS"
192,"Chile","María Olivia Recart Herrera","woman","Michelle Bachelet",2006-03-11,2010-03-11,"Hacienda","Hacienda",2006-03-11,2010-03-11,"NP"
193,"Chile","María Paulina Saball Astaburua","woman","Michelle Bachelet",2006-03-11,2010-03-11,"Vivienda y Urbanismo","Vivienda",2006-03-11,2010-03-11,"PPD"
194,"Chile","Marisol Aravena Puelma","woman","Michelle Bachelet",2006-03-11,2010-03-11,"Minería","Minería",2006-03-11,2008-01-11,"PRSD"
195,"Chile","Pablo Bello Arellano","man","Michelle Bachelet",2006-03-11,2010-03-11,"Transportes y Telecomunicaciones","Telecomunicaciones",2006-03-11,2010-03-11,"PPD"
196,"Chile","Raúl Vergara Meneses","man","Michelle Bachelet",2006-03-11,2010-03-11,"Defensa Nacional","Aviación",2006-03-11,2010-03-11,"PS"
197,"Chile","Ricardo Fábrega Lacoa","man","Michelle Bachelet",2006-03-11,2010-03-11,"Salud","Redes Asistenciales",2006-03-11,2008-11-06,"PDC"
198,"Chile","Ricardo Navarrete Betanzo","man","Michelle Bachelet",2006-03-11,2010-03-11,"Defensa Nacional","Investigaciones",2006-03-11,2010-03-11,"PRSD"
199,"Chile","Verónica Baraona del Pedregal","woman","Michelle Bachelet",2006-03-11,2010-03-11,"Justicia","Justicia",2006-03-11,2008-01-11,"PDC"
200,"Chile","Zarko Luksic Sandoval","man","Michelle Bachelet",2006-03-11,2010-03-11,"Trabajo y Previsión Social","Trabajo",2006-03-11,2008-01-11,"PDC"
201,"Chile","Alberto van Klaveren Stork","man","Michelle Bachelet",2006-03-11,2010-03-11,"Relaciones Exteriores","Relaciones Exteriores",2006-03-12,2009-11-18,"PPD"
202,"Chile","Javiera Blanco Suárez","woman","Michelle Bachelet",2006-03-11,2010-03-11,"Defensa Nacional","Carabineros",2006-09-01,2010-03-11,"NP"
203,"Chile","Loreto Ditzel Lacoa","woman","Michelle Bachelet",2006-03-11,2010-03-11,"SEGEGOB","Deportes",2007-03-15,2007-03-16,"PDC"
204,"Chile","Augusto Prado Sánchez","man","Michelle Bachelet",2006-03-11,2010-03-11,"SEGEGOB","SEGEGOB",2007-05-22,2008-12-20,"PRSD"
205,"Chile","Ricardo Vorpahl Navarrete","man","Michelle Bachelet",2006-03-11,2010-03-11,"SEGEGOB","Deportes",2007-05-22,2007-07-30,"NP"
206,"Chile","Jorge Chocair Santibáñez","man","Michelle Bachelet",2006-03-11,2010-03-11,"Economía, Fomento y Reconstrucción","Pesca",2007-07-23,2010-03-11,"PRSD"
207,"Chile","Jaime Pizarro Herrera","man","Michelle Bachelet",2006-03-11,2010-03-11,"SEGEGOB","Deportes",2007-07-30,2009-11-17,"NP"
208,"Chile","Paula Quintana Meléndez","woman","Michelle Bachelet",2006-03-11,2010-03-11,"Consejo Nacional de la Cultura y las Artes","Cultura",2007-08-06,2008-01-08,"PS"
209,"Chile","Arturo Barrios Oteíza","man","Michelle Bachelet",2006-03-11,2010-03-11,"Consejo Nacional de la Cultura y las Artes","Cultura",2008-01-11,2008-12-11,"PS"
210,"Chile","Cristián Martínez Ahumada","man","Michelle Bachelet",2006-03-11,2010-03-11,"Educación","Educación",2008-01-11,2010-03-11,"PS"
211,"Chile","Eduardo Abedrapo Bustos","man","Michelle Bachelet",2006-03-11,2010-03-11,"Planificación","Planificación",2008-01-11,2010-03-11,"PDC"
212,"Chile","Elinett Wolff Rioseco","woman","Michelle Bachelet",2006-03-11,2010-03-11,"Transportes y Telecomunicaciones","Transportes",2008-01-11,2008-04-24,"PS"
213,"Chile","Jean Jacques Duhart Saurel","man","Michelle Bachelet",2006-03-11,2010-03-11,"Economía, Fomento y Reconstrucción","Economía",2008-01-11,2010-03-11,"PPD"
214,"Chile","Jeanette Vega Morales","woman","Michelle Bachelet",2006-03-11,2010-03-11,"Salud","Salud Pública",2008-01-11,2010-03-11,"PPD"
215,"Chile","Jorge Frei Toledo","man","Michelle Bachelet",2006-03-11,2010-03-11,"Justicia","Justicia",2008-01-11,2010-03-11,"PDC"
216,"Chile","Mario Ossandón Cañas","man","Michelle Bachelet",2006-03-11,2010-03-11,"Trabajo y Previsión Social","Previsión Social",2008-01-11,2009-04-27,"PPD"
217,"Chile","Mauricio Jélvez Maturana","man","Michelle Bachelet",2006-03-11,2010-03-11,"Trabajo y Previsión Social","Trabajo",2008-01-11,2010-03-11,"PDC"
218,"Chile","Neftalí Carabantes Hernández","man","Michelle Bachelet",2006-03-11,2010-03-11,"Bienes Nacionales","Bienes Nacionales",2008-01-11,2008-12-20,"PRSD"
219,"Chile","Reinaldo Ruiz Valdés","man","Michelle Bachelet",2006-03-11,2010-03-11,"Agricultura","Agricultura",2008-01-11,2010-03-11,"PS"
220,"Chile","Verónica Baraona del Pedregal","woman","Michelle Bachelet",2006-03-11,2010-03-11,"Minería","Minería",2008-01-11,2010-03-11,"PDC"
221,"Chile","Raúl Erazo Torricelli","man","Michelle Bachelet",2006-03-11,2010-03-11,"Transportes y Telecomunicaciones","Transportes",2008-05-30,2010-03-11,"PS"
222,"Chile","Julio Montt Vidal","man","Michelle Bachelet",2006-03-11,2010-03-11,"Salud","Redes Asistenciales",2008-11-06,2010-03-11,"PDC"
223,"Chile","Patricio Rosende Lynch","man","Michelle Bachelet",2006-03-11,2010-03-11,"Interior","Interior",2008-12-11,2010-03-09,"PPD"
224,"Chile","Eduardo Múñoz Inchausti","man","Michelle Bachelet",2006-03-11,2010-03-11,"Consejo Nacional de la Cultura y las Artes","Cultura",2008-12-13,2010-03-11,"PS"
225,"Chile","Augusto Prado Sánchez","man","Michelle Bachelet",2006-03-11,2010-03-11,"Bienes Nacionales","Bienes Nacionales",2008-12-20,2010-03-11,"PRSD"
226,"Chile","Neftalí Carabantes Hernández","man","Michelle Bachelet",2006-03-11,2010-03-11,"SEGEGOB","SEGEGOB",2008-12-20,2010-03-11,"PRSD"
227,"Chile","Mahmud Aleuy Peña y Lillo","man","Michelle Bachelet",2006-03-11,2010-03-11,"Interior","SUBDERE",2008-12-22,2009-12-16,"PS"
228,"Chile","Claudio Reyes Barrientos","man","Michelle Bachelet",2006-03-11,2010-03-11,"Trabajo y Previsión Social","Previsión Social",2009-04-27,2010-03-11,"PPD"
229,"Chile","Andrea Reyes Saldías","woman","Michelle Bachelet",2006-03-11,2010-03-11,"SERNAM","SERNAM",2009-09-20,2010-03-11,"PDC"
230,"Chile","Ángel Flisfisch Fernández","man","Michelle Bachelet",2006-03-11,2010-03-11,"Relaciones Exteriores","Relaciones Exteriores",2009-11-18,2010-03-11,"PPD"
231,"Chile","Marcela González Herrera","woman","Michelle Bachelet",2006-03-11,2010-03-11,"SEGEGOB","Deportes",2009-11-19,2010-03-11,"NP"
232,"Chile","Víctor Maldonado Roldán","man","Michelle Bachelet",2006-03-11,2010-03-11,"Interior","SUBDERE",2009-12-16,2010-03-11,"PDC"
233,"Chile","Mariana Soto Espinosa","woman","Michelle Bachelet",2006-03-11,2010-03-11,"Energía","Energía",2010-02-01,2010-03-11,"NP"
234,"Chile","Rodrigo Ubilla Mackenney","man","Sebastián Piñera",2010-03-11,2014-03-11,"Interior y Seguridad Pública","Interior",2010-03-09,2014-03-07,"RN"
235,"Chile","Alfonso Vargas Lyng","man","Sebastián Piñera",2010-03-11,2014-03-11,"Defensa Nacional","Fuerzas Armadas",2010-03-11,2014-03-11,"RN"
236,"Chile","Álvaro Cruzat Ochagavía","man","Sebastián Piñera",2010-03-11,2014-03-11,"Agricultura","Agricultura",2010-03-11,2014-03-11,"UDI"
237,"Chile","Andrés Iacobelli del Río","man","Sebastián Piñera",2010-03-11,2014-03-11,"Vivienda y Urbanismo","Vivienda",2010-03-11,2011-08-01,"NP"
238,"Chile","Augusto Iglesias Palau","man","Sebastián Piñera",2010-03-11,2014-03-11,"Trabajo y Previsión Social","Previsión Social",2010-03-11,2014-03-11,"NP"
239,"Chile","Carlos Llancaqueo Mellado","man","Sebastián Piñera",2010-03-11,2014-03-11,"Bienes Nacionales","Bienes Nacionales",2010-03-11,2011-02-03,"NP"
240,"Chile","Carol Bown Sepúlveda","woman","Sebastián Piñera",2010-03-11,2014-03-11,"Defensa Nacional","Carabineros",2010-03-11,2011-02-28,"UDI"
241,"Chile","Claudio Alvarado Andrade","man","Sebastián Piñera",2010-03-11,2014-03-11,"SEGPRES","SEGPRES",2010-03-11,2014-03-11,"UDI"
242,"Chile","Fernando Rojas Ochagavía","man","Sebastián Piñera",2010-03-11,2014-03-11,"Educación","Educación",2010-03-11,2014-03-11,"UDI"
243,"Chile","Fernando Schmidt Ariztía","man","Sebastián Piñera",2010-03-11,2014-03-11,"Relaciones Exteriores","Relaciones Exteriores",2010-03-11,2012-11-12,"NP"
244,"Chile","Gabriel Ruiz-Tagle Correa","man","Sebastián Piñera",2010-03-11,2014-03-11,"SEGEGOB","Deportes",2010-03-11,2013-11-14,"UDI"
245,"Chile","Giovanna Gutiérrez Panchana","woman","Sebastián Piñera",2010-03-11,2014-03-11,"Salud","Redes Asistenciales",2010-03-11,2010-06-22,"NP"
246,"Chile","Gloria Hutt Hesse","woman","Sebastián Piñera",2010-03-11,2014-03-11,"Transportes y Telecomunicaciones","Transportes",2010-03-11,2014-03-11,"NP"
247,"Chile","Jimena Bronfman Crenovich","woman","Sebastián Piñera",2010-03-11,2014-03-11,"Energía","Energía",2010-03-11,2011-02-04,"NP"
248,"Chile","Jorge Atton Palma","man","Sebastián Piñera",2010-03-11,2014-03-11,"Transportes y Telecomunicaciones","Telecomunicaciones",2010-03-11,2014-03-11,"NP"
249,"Chile","Liliana Jadue Hund","woman","Sebastián Piñera",2010-03-11,2014-03-11,"Salud","Salud Pública",2010-03-11,2011-01-24,"NP"
250,"Chile","Marcelo Soto Ulloa","man","Sebastián Piñera",2010-03-11,2014-03-11,"Trabajo y Previsión Social","Trabajo",2010-03-11,2010-08-02,"NP"
251,"Chile","María Eugenia de la Fuente Núñ","woman","Sebastián Piñera",2010-03-11,2014-03-11,"SEGEGOB","SEGEGOB",2010-03-11,2013-02-14,"RN"
252,"Chile","María Loreto Silva Rojas","woman","Sebastián Piñera",2010-03-11,2014-03-11,"Obras Públicas","Obras Públicas",2010-03-11,2012-11-05,"NP"
253,"Chile","María Paz Lagos Valdivieso","woman","Sebastián Piñera",2010-03-11,2014-03-11,"SERNAM","SERNAM",2010-03-11,2011-02-06,"NP"
254,"Chile","Mario Desbordes Jiménez","man","Sebastián Piñera",2010-03-11,2014-03-11,"Defensa Nacional","Investigaciones",2010-03-11,2010-12-23,"RN"
255,"Chile","Miguel Flores Vargas","man","Sebastián Piñera",2010-03-11,2014-03-11,"Interior y Seguridad Pública","SUBDERE",2010-03-11,2014-03-11,"UDI"
256,"Chile","Nicolás Bär Armstrong","man","Sebastián Piñera",2010-03-11,2014-03-11,"Consejo Nacional de la Cultura y las Artes","Cultura",2010-03-11,2010-06-08,"NP"
257,"Chile","Pablo Galilea Carrillo","man","Sebastián Piñera",2010-03-11,2014-03-11,"Economía, Fomento y Turismo","Pesca",2010-03-11,2014-03-11,"RN"
258,"Chile","Pablo Wagner San Martín","man","Sebastián Piñera",2010-03-11,2014-03-11,"Minería","Minería",2010-03-11,2012-10-02,"UDI"
259,"Chile","Patricia Pérez Goldberg","woman","Sebastián Piñera",2010-03-11,2014-03-11,"Justicia","Justicia",2010-03-11,2012-12-17,"NP"
260,"Chile","Rodrigo Álvarez Zenteno","man","Sebastián Piñera",2010-03-11,2014-03-11,"Hacienda","Hacienda",2010-03-11,2011-07-22,"UDI"
261,"Chile","Soledad Arellano Schmidt","woman","Sebastián Piñera",2010-03-11,2014-03-11,"Planificación / Desarrollo Social","Planificación",2010-03-11,2014-03-11,"NP"
262,"Chile","Tomás Flores Jaña","man","Sebastián Piñera",2010-03-11,2014-03-11,"Economía, Fomento y Turismo","Economía",2010-03-11,2014-03-11,"NP"
263,"Chile","Óscar Izurieta Ferrer","man","Sebastián Piñera",2010-03-11,2014-03-11,"Defensa Nacional","Defensa",2010-03-25,2014-03-11,"NP"
264,"Chile","Luis Castillo Fuenzalida","man","Sebastián Piñera",2010-03-11,2014-03-11,"Salud","Redes Asistenciales",2010-06-22,2014-03-11,"NP"
265,"Chile","Bruno Baranda Ferrán","man","Sebastián Piñera",2010-03-11,2014-03-11,"Trabajo y Previsión Social","Trabajo",2010-08-02,2013-06-09,"RN"
266,"Chile","Ricardo Irarrázabal Sánchez","man","Sebastián Piñera",2010-03-11,2014-03-11,"Medio Ambiente","Medio Ambiente",2010-08-15,2013-10-02,"NP"
267,"Chile","Gonzalo Martin de Marco","man","Sebastián Piñera",2010-03-11,2014-03-11,"Consejo Nacional de la Cultura y las Artes","Cultura",2010-09-13,2011-12-26,"NP"
268,"Chile","Jacqueline Plass Wähling","woman","Sebastián Piñera",2010-03-11,2014-03-11,"Economía, Fomento y Turismo","Turismo",2011-01-01,2013-07-01,"NP"
269,"Chile","Juan Carlos Bulnes Concha","man","Sebastián Piñera",2010-03-11,2014-03-11,"Bienes Nacionales","Bienes Nacionales",2011-02-03,2014-03-11,"RN"
270,"Chile","Sergio del Campo Fayet","man","Sebastián Piñera",2010-03-11,2014-03-11,"Energía","Energía",2011-02-04,2014-03-11,"UDI"
271,"Chile","Cecilia Pérez Jara","woman","Sebastián Piñera",2010-03-11,2014-03-11,"SERNAM","SERNAM",2011-02-07,2011-07-22,"RN"
272,"Chile","Cristobal Lira Ibáñez","man","Sebastián Piñera",2010-03-11,2014-03-11,"Interior y Seguridad Pública","Prevención del Delito",2011-02-21,2014-03-11,"NP"
273,"Chile","Jorge Díaz Anaiz","man","Sebastián Piñera",2010-03-11,2014-03-11,"Salud","Salud Pública",2011-03-05,2014-03-11,"NP"
274,"Chile","Julio Dittborn Cordua","man","Sebastián Piñera",2010-03-11,2014-03-11,"Hacienda","Hacienda",2011-08-01,2014-03-11,"UDI"
275,"Chile","Juan Carlos Jobet Eluchans","man","Sebastián Piñera",2010-03-11,2014-03-11,"Vivienda y Urbanismo","Vivienda",2011-08-01,2012-11-13,"RN"
276,"Chile","Jessica Mualim Fajuri","woman","Sebastián Piñera",2010-03-11,2014-03-11,"SERNAM","SERNAM",2011-08-22,2012-11-18,"RN"
277,"Chile","Carlos Lobos Mosqueira","man","Sebastián Piñera",2010-03-11,2014-03-11,"Consejo Nacional de la Cultura y las Artes","Cultura",2012-02-06,2014-03-11,"RN"
278,"Chile","Loreto Seguel King","woman","Sebastián Piñera",2010-03-11,2014-03-11,"Desarrollo Social","Servicios Sociales",2012-04-01,2013-04-22,"UDI"
279,"Chile","Francisco Orrego Bauzá","man","Sebastián Piñera",2010-03-11,2014-03-11,"Minería","Minería",2012-10-09,2014-03-11,"UDI"
280,"Chile","Alfonso Silva Navarro","man","Sebastián Piñera",2010-03-11,2014-03-11,"Relaciones Exteriores","Relaciones Exteriores",2012-11-12,2014-03-11,"NP"
281,"Chile","Lucas Palacios Covarrubias","man","Sebastián Piñera",2010-03-11,2014-03-11,"Obras Públicas","Obras Públicas",2012-11-12,2014-03-11,"UDI"
282,"Chile","Francisco Irarrázaval Mena","man","Sebastián Piñera",2010-03-11,2014-03-11,"Vivienda y Urbanismo","Vivienda",2012-11-13,2014-03-11,"NP"
283,"Chile","Viviana Paredes Mendoza","woman","Sebastián Piñera",2010-03-11,2014-03-11,"SERNAM","SERNAM",2012-11-19,2014-03-11,"UDI"
284,"Chile","Juan Ignacio Piña Rochefort","man","Sebastián Piñera",2010-03-11,2014-03-11,"Justicia","Justicia",2013-01-17,2014-03-11,"NP"
285,"Chile","Mauricio Lob de la Carrera","man","Sebastián Piñera",2010-03-11,2014-03-11,"SEGEGOB","SEGEGOB",2013-02-14,2014-03-11,"NP"
286,"Chile","Luz Granier Bulnes","woman","Sebastián Piñera",2010-03-11,2014-03-11,"Desarrollo Social","Servicios Sociales",2013-05-13,2014-03-11,"RN"
287,"Chile","Fernando Arab Verdugo","man","Sebastián Piñera",2010-03-11,2014-03-11,"Trabajo y Previsión Social","Trabajo",2013-06-18,2014-03-11,"NP"
288,"Chile","Daniel Pardo López","man","Sebastián Piñera",2010-03-11,2014-03-11,"Economía, Fomento y Turismo","Turismo",2013-07-04,2014-03-11,"NP"
289,"Chile","Rodrigo Benitez Ureta","man","Sebastián Piñera",2010-03-11,2014-03-11,"Medio Ambiente","Medio Ambiente",2013-10-02,2014-03-11,"NP"
290,"Chile","Catalina Anfossi Díaz","woman","Sebastián Piñera",2010-03-11,2014-03-11,"Deportes","Deportes",2013-11-14,2014-03-11,"NP"
291,"Chile","Julio Pertuzé Salas","man","Sebastián Piñera II",2018-03-11,2022-03-11,"Economía, Fomento y Turismo","Economía",2020-11-03,NA,"UDI"
292,"Chile","Claudio Ternicier González","man","Michelle Bachelet II",2014-03-11,2018-03-11,"Agricultura","Agricultura",2014-03-11,2018-03-11,"PDC"
293,"Chile","Alfonso Vargas Lyng","man","Sebastián Piñera II",2018-03-11,2022-03-11,"Agricultura","Agricultura",2018-03-11,2019-11-27,"RN"
294,"Chile","José Pinochet Olave","man","Sebastián Piñera II",2018-03-11,2022-03-11,"Agricultura","Agricultura",2019-11-27,NA,"RN"
295,"Chile","Jorge Maldonado Contreras","man","Michelle Bachelet II",2014-03-11,2018-03-11,"Bienes Nacionales","Bienes Nacionales",2014-03-11,2018-03-11,"PRSD"
296,"Chile","Álvaro Pillado Irribarra","man","Sebastián Piñera II",2018-03-11,2022-03-11,"Bienes Nacionales","Bienes Nacionales",2019-11-11,NA,"UDI"
297,"Chile","Juan Carlos Silva Aldunate","man","Sebastián Piñera II",2018-03-11,2022-03-11,"Consejo Nacional de la Cultura y las Artes","Cultura",2018-03-11,NA,"EVO"
298,"Chile","Marcos Robledo Hoecker","man","Michelle Bachelet II",2014-03-11,2018-03-11,"Defensa Nacional","Defensa",2014-03-11,2018-03-11,"PS"
299,"Chile","Cristián de la Maza Riquelme","man","Sebastián Piñera II",2018-03-11,2022-03-11,"Defensa Nacional","Defensa",2018-03-11,NA,"NP"
300,"Chile","Andrés Otero Klein","man","Sebastián Piñera II",2018-03-11,2022-03-11,"Deportes","Deportes",2018-12-05,NA,"NP"
301,"Chile","Kael Becerra Rojas ","man","Sebastián Piñera II",2018-03-11,2022-03-11,"Deportes","Deportes",2018-03-11,2018-12-05,"NP"
302,"Chile","Esteban Carrasco Zambrano","man","Sebastián Piñera II",2018-03-11,2022-03-11,"Economía, Fomento y Turismo","Economía",2020-01-06,2020-11-03,"NP"
303,"Chile","Ignacio Guerrero Toro","man","Sebastián Piñera II",2018-03-11,2022-03-11,"Economía, Fomento y Turismo","Economía",2018-03-11,2020-01-06,"EVO"
304,"Chile","Raúl Figueroa Salas ","man","Sebastián Piñera II",2018-03-11,2022-03-11,"Educación","Educación",2018-03-11,2020-02-28,"NP"
305,"Chile","Jorge Poblete Aedo","man","Sebastián Piñera II",2018-03-11,2022-03-11,"Educación","Educación",2020-03-09,NA,"NP"
306,"Chile","Juan Eduardo Vargas Duhart","man","Sebastián Piñera II",2018-03-11,2022-03-11,"Educación","Educación Superior",2019-07-31,NA,"NP"
307,"Chile","Ricardo Irarrázabal Sánchez","man","Sebastián Piñera II",2018-03-11,2022-03-11,"Energía","Energía",2018-03-11,2019-07-31,"UDI"
308,"Chile","Francisco Javier López Díaz","man","Sebastián Piñera II",2018-03-11,2022-03-11,"Energía","Energía",2019-07-31,NA,"NP"
309,"Chile","Gabriel Gaspar Tapia","man","Michelle Bachelet II",2014-03-11,2018-03-11,"Defensa Nacional","Fuerzas Armadas",2014-03-11,2015-09-21,"PS"
310,"Chile","Alfonso Vargas Lyng","man","Sebastián Piñera II",2018-03-11,2022-03-11,"Defensa Nacional","Fuerzas Armadas",2019-11-27,NA,"RN"
311,"Chile","Juan Francisco Galli Basili","man","Sebastián Piñera II",2018-03-11,2022-03-11,"Defensa Nacional","Fuerzas Armadas",2018-03-11,2019-11-04,"RN"
312,"Chile","Alejandro Weber Pérez ","man","Sebastián Piñera II",2018-03-11,2022-03-11,"Hacienda","Hacienda",2020-11-21,NA,"NP"
313,"Chile","Francisco Moreno Guzmán","man","Sebastián Piñera II",2018-03-11,2022-03-11,"Hacienda","Hacienda",2018-03-11,2020-11-21,"UDI"
314,"Chile","Alejandro Micco Aguayo","man","Michelle Bachelet II",2014-03-11,2018-03-11,"Hacienda","Hacienda",2014-03-11,2017-08-31,"PDC"
315,"Chile","Rodrigo Ubilla Mackenney","man","Sebastián Piñera II",2018-03-11,2022-03-11,"Interior y Seguridad Pública","Interior",2018-03-08,2020-01-01,"RN"
316,"Chile","Juan Francisco Galli Basili","man","Sebastián Piñera II",2018-03-11,2022-03-11,"Interior y Seguridad Pública","Interior",2020-01-01,NA,"RN"
317,"Chile","Mahmud Aleuy Peña y Lillo","man","Michelle Bachelet II",2014-03-11,2018-03-11,"Interior y Seguridad Pública","Interior",2014-03-07,2018-03-08,"PS"
318,"Chile","Juan José Ossa Santa Cruz","man","Sebastián Piñera II",2018-03-11,2022-03-11,"Justicia","Justicia",2018-03-11,2020-01-01,"RN"
319,"Chile","Sebastián Valenzuela Agüero","man","Sebastián Piñera II",2018-03-11,2022-03-11,"Justicia","Justicia",2020-01-01,NA,"NP"
320,"Chile","Ignacio Suárez Eytel ","man","Michelle Bachelet II",2014-03-11,2018-03-11,"Justicia","Justicia",2015-03-13,2016-10-26,"PDC"
321,"Chile","Marcelo Albornoz Serrano","man","Michelle Bachelet II",2014-03-11,2018-03-11,"Justicia","Justicia",2014-03-11,2015-02-21,"PDC"
322,"Chile","Nicolás Mena Letelier","man","Michelle Bachelet II",2014-03-11,2018-03-11,"Justicia","Justicia",2016-10-26,2018-03-11,"PDC"
323,"Chile","Marcelo Mena Carrasco","man","Michelle Bachelet II",2014-03-11,2018-03-11,"Medio Ambiente","Medio Ambiente",2014-03-11,2017-03-20,"NP"
324,"Chile","Rodrigo Benítez Ureta ","man","Sebastián Piñera II",2018-03-11,2022-03-11,"Medio Ambiente","Medio Ambiente",2018-03-11,2018-06-17,"UDI"
325,"Chile","Cristián Gutiérrez Pangui","man","Michelle Bachelet II",2014-03-11,2018-03-11,"Medio Ambiente","Medio Ambiente",2017-03-21,2017-05-17,"PDC"
326,"Chile","Jorge Canals de la Puente","man","Michelle Bachelet II",2014-03-11,2018-03-11,"Medio Ambiente","Medio Ambiente",2017-05-17,2018-03-11,"PDC"
327,"Chile","Felipe Riesco Eyzaguirre","man","Sebastián Piñera II",2018-03-11,2022-03-11,"Medio Ambiente","Medio Ambiente",2018-06-19,2020-02-10,"NP"
328,"Chile","Javier Naranjo Solano","man","Sebastián Piñera II",2018-03-11,2022-03-11,"Medio Ambiente","Medio Ambiente",2020-02-10,NA,"NP"
329,"Chile","Pablo Terrazas Lagos","man","Sebastián Piñera II",2018-03-11,2022-03-11,"Minería","Minería",2018-03-11,2019-07-31,"UDI"
330,"Chile","Ricardo Irarrázabal Sánchez","man","Sebastián Piñera II",2018-03-11,2022-03-11,"Minería","Minería",2019-07-31,2020-08-31,"UDI"
331,"Chile","Ignacio Moreno Fernández","man","Michelle Bachelet II",2014-03-11,2018-03-11,"Minería","Minería",2014-03-11,2016-10-18,"PPD"
332,"Chile","Edgar Blanco Rand","man","Sebastián Piñera II",2018-03-11,2022-03-11,"Minería","Minería",2021-01-06,NA,"RN"
333,"Chile","Iván Cheuquelaf Rodríguez","man","Sebastián Piñera II",2018-03-11,2022-03-11,"Minería","Minería",2020-08-31,2021-01-06,"NP"
334,"Chile","Lucas Palacios Covarrubias","man","Sebastián Piñera II",2018-03-11,2022-03-11,"Obras Públicas","Obras Públicas",2018-03-11,2019-10-28,"UDI"
335,"Chile","Sergio Galilea Ocón","man","Michelle Bachelet II",2014-03-11,2018-03-11,"Obras Públicas","Obras Públicas",2014-03-11,2018-03-11,"PPD"
336,"Chile","Cristóbal Leturia Infante","man","Sebastián Piñera II",2018-03-11,2022-03-11,"Obras Públicas","Obras Públicas",2019-11-27,NA,"NP"
337,"Chile","Emilio de la Cerda Errázuriz","man","Sebastián Piñera II",2018-03-11,2022-03-11,"Culturas, las Artes y el Patrimonio","Patrimonio Cultural",2018-01-11,NA,"NP"
338,"Chile","Román Zelaya Ríos","man","Sebastián Piñera II",2018-03-11,2022-03-11,"Economía, Fomento y Turismo","Pesca",2019-07-11,2021-01-06,"RN"
339,"Chile","Pablo Berazaluce Maturana","man","Michelle Bachelet II",2014-03-11,2018-03-11,"Economía, Fomento y Turismo","Pesca",2017-04-10,2018-03-11,"PDC"
340,"Chile","Raúl Súnico Galdámez","man","Michelle Bachelet II",2014-03-11,2018-03-11,"Economía, Fomento y Turismo","Pesca",2014-03-11,2017-01-21,"PS"
341,"Chile","Eduardo Riquelme Portilla","man","Sebastián Piñera II",2018-03-11,2022-03-11,"Economía, Fomento y Turismo","Pesca",2018-03-11,2019-07-10,"RN"
342,"Chile","Óscar Carrasco Carrasco","man","Michelle Bachelet II",2014-03-11,2018-03-11,"Interior y Seguridad Pública","Prevención del Delito",2016-12-14,2018-03-11,"PPD"
343,"Chile","Antonio Frey Valdés","man","Michelle Bachelet II",2014-03-11,2018-03-11,"Interior y Seguridad Pública","Prevención del Delito",2014-03-11,2018-10-26,"PPD"
344,"Chile","Marcos Barraza Gómez","man","Michelle Bachelet II",2014-03-11,2018-03-11,"Trabajo y Prevision Social","Previsión Social",2014-03-11,2015-05-11,"PCCh"
345,"Chile","Pedro Pizarro Cañas","man","Sebastián Piñera II",2018-03-11,2022-03-11,"Trabajo y Prevision Social","Previsión Social",2019-11-19,NA,"RN"
346,"Chile","Alberto Dougnac Labatut","man","Sebastián Piñera II",2018-03-11,2022-03-11,"Salud","Redes Asistenciales",2020-11-03,NA,"NP"
347,"Chile","Arturo Zúñiga Jory","man","Sebastián Piñera II",2018-03-11,2022-03-11,"Salud","Redes Asistenciales",2019-07-11,2020-11-03,"NP"
348,"Chile","Luis Castillo Fuenzalida","man","Sebastián Piñera II",2018-03-11,2022-03-11,"Salud","Redes Asistenciales",2018-08-10,2019-07-11,"NP"
349,"Chile","Rodrigo Yáñez Benítez","man","Sebastián Piñera II",2018-03-11,2022-03-11,"Relaciones Exteriores","Relaciones Económicas",2019-07-01,NA,"NP"
350,"Chile","Edgardo Riveros Marín","man","Michelle Bachelet II",2014-03-11,2018-03-11,"Relaciones Exteriores","Relaciones Exteriores",2014-03-11,2018-03-11,"PDC"
351,"Chile","Alfonso Silva Navarro","man","Sebastián Piñera II",2018-03-11,2022-03-11,"Relaciones Exteriores","Relaciones Exteriores",2018-03-11,2018-08-10,"NP"
352,"Chile","Jaime Burrows Oyarzún","man","Michelle Bachelet II",2014-03-11,2018-03-11,"Salud","Salud Pública",2014-03-11,2018-03-11,"PDC"
353,"Chile","Miguel Candia Irarrázabal","man","Michelle Bachelet II",2014-03-11,2018-03-11,"SEGEGOB","SEGEGOB",2016-07-08,2016-10-26,"PRSD"
354,"Chile","Omar Jara Aravena","man","Michelle Bachelet II",2014-03-11,2018-03-11,"SEGEGOB","SEGEGOB",2016-10-26,2018-03-11,"PDC"
355,"Chile","Osvaldo Soto Valdivia","man","Michelle Bachelet II",2014-03-11,2018-03-11,"SEGEGOB","SEGEGOB",2015-06-24,2016-07-08,"PRSD"
356,"Chile","Víctor Maldonado Roldán","man","Michelle Bachelet II",2014-03-11,2018-03-11,"SEGPRES","SEGPRES",2017-09-05,2018-03-11,"PDC"
357,"Chile","Juan Eduardo Faúndez Molina","man","Michelle Bachelet II",2014-03-11,2018-03-11,"Desarrollo Social","Servicios Sociales",2014-03-11,2018-03-11,"PPD"
358,"Chile","Rodolfo Baier Esteban","man","Michelle Bachelet II",2014-03-11,2018-03-11,"SEGEGOB","SEGEGOB",2014-03-11,2015-06-24,"PRSD"
359,"Chile","Emardo Hantelmann Godoy","man","Sebastián Piñera II",2018-03-11,2022-03-11,"SEGEGOB","SEGEGOB",2018-03-11,NA,"RN"
360,"Chile","Juan José Ossa Santa Cruz ","man","Sebastián Piñera II",2018-03-11,2022-03-11,"SEGPRES","SEGPRES",2020-01-01,2021-01-06,"RN"
361,"Chile","Máximo Pavez Cantillano","man","Sebastián Piñera II",2018-03-11,2022-03-11,"SEGPRES","SEGPRES",2021-01-06,NA,"UDI"
362,"Chile","Gabriel de la Fuente Acuña","man","Michelle Bachelet II",2014-03-11,2018-03-11,"SEGPRES","SEGPRES",2016-10-26,2017-08-31,"PS"
363,"Chile","Claudio Alvarado Andrade","man","Sebastián Piñera II",2018-03-11,2022-03-11,"SEGPRES","SEGPRES",2018-03-11,2019-11-04,"UDI"
364,"Chile","Juan Francisco Galli Basili","man","Sebastián Piñera II",2018-03-11,2022-03-11,"SEGPRES","SEGPRES",2019-11-04,2020-01-01,"RN"
365,"Chile","Sebastián Villarreal Bardet","man","Sebastián Piñera II",2018-03-11,2022-03-11,"Ministerio de Desarrollo Social y Familia","Servicios Sociales",2018-03-11,2021-05-04,"EVO"
366,"Chile","Rodrigo Ramírez Pino ","man","Michelle Bachelet II",2014-03-11,2018-03-11,"Transporte y Telecomunicaciones","Telecomunicaciones",2016-10-26,2018-03-11,"PPD"
367,"Chile","Ricardo Cifuentes Lillo ","man","Michelle Bachelet II",2014-03-11,2018-03-11,"Interior y Seguridad Pública","SUBDERE",2014-03-11,2018-03-11,"PDC"
368,"Chile","Claudio Alvarado Andrade","man","Sebastián Piñera II",2018-03-11,2022-03-11,"Interior y Seguridad Pública","SUBDERE",2019-11-04,2020-06-04,"UDI"
369,"Chile","Felipe Salaberry Soto","man","Sebastián Piñera II",2018-03-11,2022-03-11,"Interior y Seguridad Pública","SUBDERE",2018-03-11,2019-10-01,"UDI"
370,"Chile","Juan Manuel Masferrer","man","Sebastián Piñera II",2018-03-11,2022-03-11,"Interior y Seguridad Pública","SUBDERE",2020-06-04,2020-11-20,"UDI"
371,"Chile","Pedro Huichalaf Roa","man","Michelle Bachelet II",2014-03-11,2018-03-11,"Transporte y Telecomunicaciones","Telecomunicaciones",2014-03-11,2016-10-26,"PPD"
372,"Chile","Francisco Javier Díaz Verdugo","man","Michelle Bachelet II",2014-03-11,2018-03-11,"Trabajo y Prevision Social","Trabajo",2014-03-11,2018-03-11,"PS"
373,"Chile","Cristián Bowen Garfias","man","Michelle Bachelet II",2014-03-11,2018-03-11,"Transporte y Telecomunicaciones","Transporte",2014-03-11,2016-10-18,"PDC"
374,"Chile","Fernando Arab Verdugo","man","Sebastián Piñera II",2018-03-11,2022-03-11,"Trabajo y Prevision Social","Trabajo",2018-03-11,NA,"NP"
375,"Chile","Carlos Melo Riquelme","man","Michelle Bachelet II",2014-03-11,2018-03-11,"Transporte y Telecomunicaciones","Transporte",2016-10-18,2018-03-11,"PDC"
376,"Chile","Jaime Romero Álvarez","man","Michelle Bachelet II",2014-03-11,2018-03-11,"Vivienda","Vivienda",2014-03-11,2016-10-26,"PS"
377,"Chile","José Luis Domínguez Covarrubias","man","Sebastián Piñera II",2018-03-11,2022-03-11,"Transporte y Telecomunicaciones","Transporte",2018-03-11,NA,"NP"
378,"Chile","María Navarro Barriga","woman","Sebastián Piñera II",2018-03-11,2022-03-11,"Bienes Nacionales","Bienes Nacionales",2019-11-04,2019-11-11,"NP"
379,"Chile","Ana Tironi Barrios","woman","Michelle Bachelet II",2014-03-11,2018-03-11,"Consejo Nacional de la Cultura y las Artes","Cultura",2016-04-06,2018-03-11,"NP"
380,"Chile","José Luis Uriarte Campos","man","Sebastián Piñera II",2018-03-11,2022-03-11,"Economía, Fomento y Turismo","Turismo",2020-06-12,NA,"UDI"
381,"Chile","Lilia Concha Carreño","woman","Michelle Bachelet II",2014-03-11,2018-03-11,"Consejo Nacional de la Cultura y las Artes","Cultura",2014-03-11,2015-10-30,"MAS"
382,"Chile","Guillermo Rolando Vicente","man","Sebastián Piñera II",2018-03-11,2022-03-11,"Vivienda","Vivienda",2018-03-11,NA,"NP"
383,"Chile","Nicole Sáez Pañero","woman","Michelle Bachelet II",2014-03-11,2018-03-11,"Deportes","Deportes",2014-03-11,2018-03-11,"PDC"
384,"Chile","Alejandra Bravo Hidalgo","woman","Sebastián Piñera II",2018-03-11,2022-03-11,"Bienes Nacionales","Bienes Nacionales",2018-03-11,2019-11-04,"PRI"
385,"Chile","Carolina Torrealba Ruiz-Tagle","woman","Sebastián Piñera II",2018-03-11,2022-03-11,"Ciencia, Tecnología, Conocimiento e Innovación","Ciencia, Tecnología, Conocimiento e Innovación",2018-12-17,NA,"NP"
386,"Chile","María Isabel Díaz Pérez ","woman","Michelle Bachelet II",2014-03-11,2018-03-11,"Educación","Educación Parvularia",2015-10-27,2018-03-11,"PS"
387,"Chile","Jimena Jara Quilodrán","woman","Michelle Bachelet II",2014-03-11,2018-03-11,"Energía","Energía",2014-03-11,2018-03-11,"PPD"
388,"Chile","Paulina Vodanovic Rojas","woman","Michelle Bachelet II",2014-03-11,2018-03-11,"Defensa Nacional","Fuerzas Armadas",2015-09-21,2018-03-11,"PS"
389,"Chile","Macarena Lobos Palacios","woman","Michelle Bachelet II",2014-03-11,2018-03-11,"Hacienda","Hacienda",2017-09-05,2018-03-11,"NP"
390,"Chile","Lorena Fries Monleón","woman","Michelle Bachelet II",2014-03-11,2018-03-11,"Ministerio de Justicia y Derechos Humanos","Derechos Humanos",2016-09-11,2018-03-11,"PS"
391,"Chile","Lorena Recabarren Silva","woman","Sebastián Piñera II",2018-03-11,2022-03-11,"Ministerio de Justicia y Derechos Humanos","Derechos Humanos",2018-03-11,NA,"EVO"
392,"Chile","Natalia Piergentili Domenech","woman","Michelle Bachelet II",2014-03-11,2018-03-11,"Economía, Fomento y Turismo","Economía",2016-02-01,2018-03-11,"PPD"
393,"Chile","Katia Trusich Ortiz","woman","Michelle Bachelet II",2014-03-11,2018-03-11,"Economía, Fomento y Turismo","Economía",2014-03-11,2016-01-04,"PPD"
394,"Chile","Valentina Quiroga Canahuate","woman","Michelle Bachelet II",2014-03-11,2018-03-11,"Educación","Educación",2014-03-11,2018-03-11,"NP"
395,"Chile","María Jesús Honorato Errázuriz","woman","Sebastián Piñera II",2018-03-11,2022-03-11,"Educación","Educación Parvularia",2021-01-04,NA,"NP"
396,"Chile","María José Castro Rojas","woman","Sebastián Piñera II",2018-03-11,2022-03-11,"Educación","Educación Parvularia",2018-03-11,2021-01-04,"NP"
397,"Chile","Bernarda Pérez Carrillo","woman","Michelle Bachelet II",2014-03-11,2018-03-11,"SERNAM","Mujer y Equidad de Género",2016-02-01,2018-03-11,"IC"
398,"Chile","María José Abud Sittler","woman","Sebastián Piñera II",2018-03-11,2022-03-11,"Mujer y Equidad de Género","Mujer y Equidad de Género",2021-01-26,NA,"NP"
399,"Chile","Heidi Berner Herrera","woman","Michelle Bachelet II",2014-03-11,2018-03-11,"Desarrollo Social","Evaluación Social",2014-03-11,2018-03-11,"NP"
400,"Chile","Alejandra Candia Díaz","woman","Sebastián Piñera II",2018-03-11,2022-03-11,"Ministerio de Desarrollo Social y Familia","Evaluación Social",2018-03-11,NA,"NP"
401,"Chile","Jeannette Jara Román","woman","Michelle Bachelet II",2014-03-11,2018-03-11,"Trabajo y Prevision Social","Previsión Social",2016-10-26,2018-03-11,"PCCh"
402,"Chile","Julia Urquieta Olivares","woman","Michelle Bachelet II",2014-03-11,2018-03-11,"Trabajo y Prevision Social","Previsión Social",2015-06-27,2016-10-26,"PCCh"
403,"Chile","Ana Gisela Alarcón Rojas","woman","Michelle Bachelet II",2014-03-11,2018-03-11,"Salud","Redes Asistenciales",2016-02-01,2018-03-11,"NP"
404,"Chile","Angélica Verdugo Sobral ","woman","Michelle Bachelet II",2014-03-11,2018-03-11,"Salud","Redes Asistenciales",2014-03-11,2015-11-09,"PS"
405,"Chile","Carolina Cuevas Merino","woman","Sebastián Piñera II",2018-03-11,2022-03-11,"Mujer y Equidad de Género","Mujer y Equidad de Género",2018-03-11,2021-01-26,"RN"
406,"Chile","Blanquita Honorato Lira ","woman","Sebastián Piñera II",2018-03-11,2022-03-11,"Ministerio de Desarrollo Social y Familia","Niñez",2021-01-06,NA,"NP"
407,"Chile","Carol Bown Sepúlveda","woman","Sebastián Piñera II",2018-03-11,2022-03-11,"Ministerio de Desarrollo Social y Familia","Niñez",2018-04-12,2021-01-06,"UDI"
408,"Chile","Alicia Gallardo Lagno","woman","Sebastián Piñera II",2018-03-11,2022-03-11,"Economía, Fomento y Turismo","Pesca",2021-01-06,NA,"NP"
409,"Chile","Katherine Martorell Awad","woman","Sebastián Piñera II",2018-03-11,2022-03-11,"Interior y Seguridad Pública","Prevención del Delito",2018-03-11,2021-08-17,"RN"
410,"Chile","María José Gómez","woman","Sebastián Piñera II",2018-03-11,2022-03-11,"Interior y Seguridad Pública","Prevención del Delito",2021-08-17,NA,"NP"
411,"Chile","María José Zaldívar Larraín","woman","Sebastián Piñera II",2018-03-11,2022-03-11,"Trabajo y Prevision Social","Previsión Social",2018-03-11,2019-10-28,"NP"
412,"Chile","Patricia Silva Meléndez","woman","Michelle Bachelet II",2014-03-11,2018-03-11,"SEGPRES","SEGPRES",2014-03-11,2016-10-26,"PS"
413,"Chile","Gloria Burgos Marabolí","woman","Sebastián Piñera II",2018-03-11,2022-03-11,"Salud","Redes Asistenciales",2018-03-11,2018-08-10,"NP"
414,"Chile","Carolina Valdivia Torres","woman","Sebastián Piñera II",2018-03-11,2022-03-11,"Relaciones Exteriores","Relaciones Exteriores",2018-08-10,NA,"NP"
415,"Chile","Paula Daza Narbona","woman","Sebastián Piñera II",2018-03-11,2022-03-11,"Salud","Salud",2018-03-11,NA,"NP"
416,"Chile","Gloria Maira Vargas","woman","Michelle Bachelet II",2014-03-11,2018-03-11,"SERNAM","SERNAM",2014-03-11,2015-12-30,"IC"
417,"Chile","María Paz Troncoso Pulgar","woman","Sebastián Piñera II",2018-03-11,2022-03-11,"Interior y Seguridad Pública","SUBDERE",2020-11-21,NA,"NP"
418,"Chile","Erich Schnake Walker","man","Michelle Bachelet II",2014-03-11,2018-03-11,"Minería","Minería",2016-10-18,2018-03-11,"PPD"
419,"Chile","Pamela Gidi Masías","woman","Sebastián Piñera II",2018-03-11,2022-03-11,"Transporte y Telecomunicaciones","Telecomunicaciones",2018-03-11,NA,"NP"
420,"Chile","Iván Leonhardt Cárdenas","man","Michelle Bachelet II",2014-03-11,2018-03-11,"Vivienda","Vivienda",2016-10-26,2018-03-11,"PS"
421,"Chile","Javiera Montes Cruz","woman","Michelle Bachelet II",2014-03-11,2018-03-11,"Economía, Fomento y Turismo","Turismo",2014-03-11,2018-03-11,"PS"
422,"Chile","Mónica Zalaquett Said","woman","Sebastián Piñera II",2018-03-11,2022-03-11,"Economía, Fomento y Turismo","Turismo",2018-03-11,2020-06-09,"UDI"
423,"Chile","Andrea Balladares","woman","Sebastián Piñera II",2018-03-11,2022-03-11,"Ministerio de Desarrollo Social y Familia","Servicos Sociales",2021-05-06,NA,"RN"
